1;19,43145132;8,14869126;1
2;11,90960132;18,17781663;1
3;10,02913732;19,43146328;1
4;5,641391985;24,44602596;1
5;5,641391985;34,47515132;1
6;0,626823324;38,86290264;1
7;5,641391985;43,25065395;1
8;2,507287319;47,01156999;1
9;2,507287319;48,26521664;1
10;0,1;53,27977932;1
11;0;55,78707262;1
12;2,507287319;52,02615658;1
13;6,268209332;46,38475862;1
14;8,775496651;41,9970073;1
15;8,775496651;38,23609127;1
16;8,775496651;38,23609127;1
17;12,53641866;41,37019594;1
18;15,67052333;45,75794725;1
19;16,29734665;50,77250993;1
20;16,29734665;52,65296795;1
21;13,16324199;55,16026125;1
22;11,28277799;59,54798865;1
23;18,804628;53,9066146;1
24;26,326478;47,01156999;1
25;27,58012465;42,62384258;1
26;30,71422333;42,62384258;1
27;33,848328;45,13111197;1
28;37,60925599;50,77250993;1
29;37,60925599;53,27977932;1
30;35,10197465;59,54798865;1
31;35,10197465;63,3089286;1
32;32,59469331;67,69667991;1
33;30,08741197;67,69667991;1
34;26,326478;67,69667991;1
35;23,81919666;72,08440732;1
36;20,68509199;78,97945193;1
37;16,924164;76,47215863;1
38;9,402313998;83,36720324;1
39;8,148673327;89,00857729;1
40;5,014568661;94,64997526;1
41;4,387745337;96,53043327;1
42;10,02913732;100,2913493;1
43;10,02913732;102,7986665;1
44;10,02913732;105,305912;1
45;15,67052333;100,2913493;1
46;18,804628;95,9036219;1
47;20,68509199;94,64997526;1
48;21,93873266;94,64997526;1
49;26,95330132;100,2913493;1
50;33,848328;105,305912;1
51;29,46058864;110,3204986;1
52;26,95330132;112,8277919;1
53;25,07283733;119,0960012;1
54;25,07283733;124,11054;1
55;25,07283733;124,11054;1
56;27,58012465;122,8569172;1
57;32,59469331;116,5887079;1
58;38,86290264;112,2009805;1
59;40,74336066;105,9327712;1
60;42,62383063;99,66453794;1
61;42,62383063;91,51587059;1
62;42,62383063;91,51587059;1
63;45,13111197;92,76951724;1
64;50,77249798;98,41089129;1
65;52,02614463;107,1863939;1
66;53,90660264;113,4546033;1
67;52,652956;124,11054;1
68;48,26521664;127,2446447;1
69;44,50428865;133,512854;1
70;44,50428865;133,512854;1
71;49,51885133;136,0201473;1
72;51,3993213;145,4224613;1
73;49,51885133;146,6761318;1
74;45,13111197;146,6761318;1
75;38,86290264;151,0638592;1
76;38,23607931;157,3320686;1
77;40,11653733;159,2125505;1
78;43,250642;167,3611939;1
79;45,13111197;173,0025919;1
80;47,01156999;176,1366966;1
81;42,62383063;181,1512832;1
82;42,62383063;188,0463039;1
83;39,48972596;191,1804085;1
84;35,10197465;193,0608426;1
85;30,71422333;201,2095339;1
86;26,95330132;197,4486179;1
87;24,44601998;184,9121992;1
88;24,44601998;178,6439899;1
89;28,20694199;174,2562146;1
90;31,96786998;166,1075712;1
91;33,22151663;162,9734665;1
92;28,83376532;165,4807598;1
93;21,93873266;154,8247753;1
94;20,05826867;155,4515866;1
95;14,41688266;165,4807598;1
96;10,65595467;173,0025919;1
97;9,402313998;182,4049059;1
98;6,895032656;177,3903193;1
99;15,67052333;183,6585286;1
100;15,67052333;193,0608426;1
101;12,53641866;200,5827225;1
102;8,775496651;206,8509319;1
103;8,148673327;211,8654706;1
104;4,387745337;217,5068686;1
105;7,521850003;217,5068686;1
106;13,79005933;221,8946438;1
107;20,68509199;228,7896645;1
108;16,29734665;230,6700986;1
109;11,90960132;238,1919785;1
110;8,148673327;250,7283972;1
111;8,148673327;260,1307112;1
112;3,76092799;267,6525432;1
113;8,775496651;262,6380045;1
114;15,04370598;250,1015858;1
115;18,17781065;245,0869992;1
116;21,31191531;245,0869992;1
117;28,83376532;250,1015858;1
118;33,848328;258,2502293;1
119;33,848328;262,6380045;1
120;31,34104666;265,7721091;1
121;28,20694199;272,6671298;1
122;28,20694199;272,6671298;1
123;35,72879797;271,4134593;1
124;41,9970073;268,9062138;1
125;48,89203996;263,2648158;1
126;55,78706066;260,1307112;1
127;60,8016353;253,8625018;1
128;54,53342597;248,2211039;1
129;52,652956;245,0869992;1
130;57,66753063;251,9820199;1
131;66,44302131;262,6380045;1
132;67,06984463;270,7866479;1
133;67,06984463;279,5621505;1
134;62,05526999;282,6962552;1
135;55,78706066;288,3376532;1
136;55,78706066;295,2326739;1
137;55,78706066;302,1276946;1
138;55,78706066;305,8886106;1
139;53,27977932;309,6495745;1
140;45,13111197;297,7399672;1
141;43,87746532;287,7108418;1
142;43,87746532;287,7108418;1
143;38,23607931;288,3376532;1
144;30,08741197;298,9935899;1
145;30,08741197;305,2617992;1
146;30,08741197;309,0227153;1
147;28,20694199;308,3959039;1
148;23,81919666;303,3813651;1
149;21,31191531;298,9935899;1
150;18,804628;314,0373019;1
151;8,775496651;327,2005319;1
152;8,775496651;337,8565165;1
153;16,29734665;338,4833278;1
154;24,44601998;349,1392646;1
155;29,46058864;358,5415786;1
156;26,326478;368,5707039;1
157;21,31191531;384,8680864;1
158;16,29734665;389,8826252;1
159;11,28277799;397,4045051;1
160;11,28277799;398,6581278;1
161;15,67052333;406,1799599;1
162;15,67052333;413,0750284;1
163;11,28277799;413,0750284;1
164;5,014568661;423,7309652;1
165;5,014568661;426,8650698;1
166;10,65595467;435,0137611;1
167;16,29734665;445,6696978;1
168;16,29734665;454,4452005;1
169;13,79005933;460,7134098;1
170;13,79005933;459,4597392;1
171;25,07283733;468,8620532;1
172;25,69966065;474,5034512;1
173;21,31191531;485,1594358;1
174;16,924164;497,6958544;1
175;13,16324199;510,8590844;1
176;10,65595467;518,3809165;1
177;10,65595467;524,6491258;1
178;6,268209332;537,8124037;1
179;6,268209332;545,961095;1
180;3,76092799;553,482927;1
181;3,76092799;558,4975136;1
182;6,268209332;562,2583818;1
183;11,28277799;577,3021416;1
184;11,90960132;582,9434918;1
185;7,521850003;592,3458058;1
186;6,268209332;604,8822244;1
187;3,134104666;613,6576792;1
188;7,521850003;611,7772929;1
189;14,41688266;611,7772929;1
190;24,44601998;628,0745798;1
191;20,05826867;631,8355437;1
192;20,05826867;646,8792078;1
193;13,16324199;660,6692492;1
194;8,148673327;671,9520451;1
195;6,895032656;682,6079819;1
196;5,014568661;687,6225685;1
197;8,148673327;692,0102959;1
198;15,04370598;698,2785052;1
199;20,68509199;703,2930918;1
200;23,81919666;700,1589871;1
201;37,60925599;710,1881603;1
202;49,51885133;717,0831332;1
203;40,11653733;722,0977198;1
204;30,08741197;732,7536565;1
205;30,71422333;742,1559705;1
206;23,81919666;749,6778982;1
207;11,28277799;759,0802122;1
208;11,28277799;775,3774991;1
209;5,014568661;786,0334359;1
210;7,521850003;774,1238764;1
211;20,05826867;770,9897717;1
212;28,83376532;782,8993312;1
213;30,08741197;794,8089863;1
214;25,07283733;799,1967137;1
215;31,96786998;791,0480224;1
216;41,9970073;784,1530496;1
217;43,250642;770,3629125;1
218;43,87746532;768,4825262;1
219;52,652956;774,7507356;1
220;59,54798865;787,9139178;1
221;58,92116533;800,4503364;1
222;53,90660264;816,1208598;1
223;48,89203996;818,0013417;1
224;41,37018398;816,1208598;1
225;29,46058864;815,4940962;1
226;20,05826867;824,269551;1
227;20,05826867;831,7913831;1
228;12,53641866;834,9254878;1
229;6,895032656;846,2082837;1
230;5,641391985;856,2374569;1
231;3,134104666;858,7447024;1
232;11,28277799;849,9692476;1
233;23,19237333;863,1324298;1
234;30,08741197;870,6542618;1
235;24,44601998;875,0420849;1
236;15,67052333;886,3247852;1
237;11,90960132;887,5785035;1
238;21,31191531;896,3539584;1
239;21,93873266;901,9953085;1
240;14,41688266;920,1731729;1
241;18,804628;910,7708589;1
242;34,47515132;895,1003356;1
243;39,48972596;895,1003356;1
244;49,51885133;913,9049636;1
245;50,14567465;928,3218642;1
246;36,98243267;930,8291097;1
247;26,95330132;935,8436963;1
248;16,924164;945,2460103;1
249;17,55098732;950,2605969;1
250;8,148673327;958,4091925;1
251;10,02913732;954,0214651;1
252;27,58012465;945,2460103;1
253;36,98243267;950,2605969;1
254;48,26521664;955,901947;1
255;48,89203996;959,0360517;1
256;54,53342597;964,0506383;1
257;63,93573997;950,2605969;1
258;68,95030265;955,901947;1
259;79,6062633;964,0506383;1
260;89,63540062;957,1555697;1
261;94,6499633;947,1264922;1
262;97,15724464;944,6191511;1
263;90,88903531;940,2314237;1
264;81,48672131;932,0827324;1
265;87,12810732;930,2022505;1
266;102,7986306;944,6191511;1
267;110,94731;937,097319;1
268;125,99101;923,3072776;1
269;127,2446566;914,5317272;1
270;120,9764473;911,3976225;1
271;102,7986306;906,3831315;1
272;94,02313998;901,3685449;1
273;85,87447263;892,5929945;1
274;85,87447263;886,3247852;1
275;76,47215863;896,3539584;1
276;65,81619798;881,3102942;1
277;64,56256329;855,6105977;1
278;69,57712597;857,4910796;1
279;82,11354464;865,0129117;1
280;94,02313998;882,563917;1
281;99,03771462;873,7883665;1
282;109,06684;870,6542618;1
283;122,230082;877,5493304;1
284;129,1251266;893,8467129;1
285;127,871468;904,5026496;1
286;131,632396;899,488063;1
287;142,915168;893,2198537;1
288;157,3320686;874,4152257;1
289;154,8247753;875,6688484;1
290;175,5098613;893,8467129;1
291;179,2708012;907,6367543;1
292;172,3757566;915,7854455;1
293;160,4661732;930,2022505;1
294;158,5856913;942,1119056;1
295;163,6002779;945,8727738;1
296;174,2562146;936,4704598;1
297;188,6731152;942,1119056;1
298;203,0899919;959,0360517;1
299;209,9850126;955,901947;1
300;225,6555359;937,7241782;1
301;231,2969339;929,5754869;1
302;223,7750779;921,4267957;1
303;204,3436386;913,2781044;1
304;208,1045546;908,890377;1
305;228,7896406;926,4413823;1
306;240,6992479;937,097319;1
307;248,8479153;923,3072776;1
308;259,5038759;905,7562723;1
309;261,3843339;897,6075811;1
310;255,742936;890,7126082;1
311;242,5797059;881,9370578;1
312;229,4164759;863,759289;1
313;226,2823712;848,0887656;1
314;213,1191173;850,5960111;1
315;196,1949473;834,2987242;1
316;198,7022406;828,6572784;1
317;215,6264106;843,7010382;1
318;230,0432873;856,8642204;1
319;242,5797059;849,3423884;1
320;256,9965826;833,0450058;1
321;263,8916272;829,9109012;1
322;255,742936;824,8964102;1
323;239,4456013;814,867237;1
324;239,4456013;806,7185458;1
325;234,4310386;796,6894682;1
326;209,9850126;804,2113003;1
327;198,7022406;811,7331324;1
328;170,4952986;819,2549644;1
329;161,0929846;821,1354464;1
330;146,0492726;812,3599916;1
331;133,512854;797,3162318;1
332;142,2883566;777,257981;1
333;139,7810633;776,6311219;1
334;127,871468;787,2871542;1
335;119,7228006;803,5844411;1
336;117,8423426;809,8526504;1
337;104,6791006;801,0771956;1
338;86,50129595;788,540777;1
339;87,12810732;776,6311219;1
340;92,76950528;760,9605985;1
341;99,66452598;752,8120029;1
342;110,3204866;750,931521;1
343;131,0055846;764,7215624;1
344;117,2155193;766,6020443;1
345;139,1542519;775,3774991;1
346;154,8247753;765,9751851;1
347;157,3320686;774,1238764;1
348;170,4952986;789,1675405;1
349;168,6148406;789,1675405;1
350;183,0317173;769,1092898;1
351;191,8072199;755,9461076;1
352;194,3144893;755,9461076;1
353;178,0171546;754,6923892;1
354;158,5856913;750,931521;1
355;147,3029193;737,7682431;1
356;153,5711286;730,8732703;1
357;144,7956499;737,1414796;1
358;136,0201473;736,5146204;1
359;116,588696;724,6050609;1
360;119,0959773;713,9490285;1
361;131,0055846;718,3368516;1
362;141,03471;712,6954058;1
363;155,4515866;699,5322236;1
364;167,9880053;718,3368516;1
365;167,9880053;730,8732703;1
366;174,8830499;730,2464111;1
367;196,1949473;712,6954058;1
368;196,1949473;706,4271965;1
369;213,1191173;723,9782017;1
370;215,6264106;740,2755842;1
371;208,731366;762,2143169;1
372;209,3582012;769,736149;1
373;216,8800572;761,5874577;1
374;229,4164759;777,8848402;1
375;238,8187899;799,8235729;1
376;246,340622;794,1821271;1
377;257,6234179;770,9897717;1
378;260,7575225;743,4096889;1
379;260,1306873;730,8732703;1
380;256,3697712;727,7391656;1
381;241,3260593;712,0686423;1
382;245,0869992;703,919951;1
383;254,4893132;682,6079819;1
384;261,3843339;676,9666317;1
385;256,3697712;677,5934909;1
386;236,938308;686,3689457;1
387;231,2969339;688,2494277;1
388;212,4923059;676,9666317;1
389;211,8654706;671,3252816;1
390;198,0754292;674,4593863;1
391;187,4194686;687,6225685;1
392;186,1658219;686,3689457;1
393;172,3757566;676,3397725;1
394;162,9734426;673,8325271;1
395;156,0784219;682,6079819;1
396;150,437024;690,7566731;1
397;132,8860426;693,2640143;1
398;122,230082;702,0394691;1
399;112,827768;716,4563697;1
400;104,0522773;706,4271965;1
401;90,88903531;728,9927883;1
402;81,48672131;731,5000338;1
403;64,56256329;710,1881603;1
404;63,30891664;687,6225685;1
405;71,45758399;686,3689457;1
406;92,14268196;675,713009;1
407;102,7986306;648,1328306;1
408;102,1718193;654,4010399;1
409;119,7228006;675,713009;1
410;117,8423426;676,3397725;1
411;130,3787493;663,1765903;1
412;135,3933359;639,3573757;1
413;139,1542519;641,8646212;1
414;150,437024;651,8937944;1
415;162,3466313;637,4768938;1
416;174,8830499;643,1183396;1
417;188,04628;646,8792078;1
418;193,6876779;656,2815218;1
419;202,4631566;660,6692492;1
420;213,7459526;648,1328306;1
421;225,6555359;643,1183396;1
422;233,1773919;653,1474172;1
423;248,8479153;643,7451032;1
424;255,742936;624,3137116;1
425;256,9965826;606,7627064;1
426;251,3552085;605,5090836;1
427;233,1773919;584,1971145;1
428;235,6846852;567,8998276;1
429;245,7138106;550,9755859;1
430;251,3552085;521,5150212;1
431;247,5942686;507,0981206;1
432;250,7283733;481,3984719;1
433;252,6088313;470,1157238;1
434;241,9528946;460,0865984;1
435;247,5942686;443,7892159;1
436;255,742936;438,1478658;1
437;242,5797059;444,4160751;1
438;226,9091826;446,9233206;1
439;207,4777432;428,7455518;1
440;208,1045546;416,8359445;1
441;224,4018893;413,0750284;1
442;240,0724126;396,1508345;1
443;249,4747266;382,9876045;1
444;242,5797059;364,1829765;1
445;238,1919546;356,0342853;1
446;249,4747266;336,6028459;1
447;256,9965826;332,2151185;1
448;243,8333526;314,0373019;1
449;249,4747266;295,8594852;1
450;256,9965826;283,9498779;1
451;265,14525;272,0403185;1
452;249,4747266;247,5942925;1
453;250,1015619;231,9237692;1
454;261,3843339;209,9850365;1
455;257,6234179;206,2241205;1
456;241,3260593;185,5390106;1
457;241,9528946;174,2562146;1
458;252,6088313;164,8539006;1
459;258,2502293;147,9297546;1
460;258,2502293;147,3029432;1
461;248,8479153;151,6906706;1
462;235,0578499;167,3611939;1
463;216,2532219;179,8976126;1
464;217,5068686;189,926738;1
465;220,0141619;204,3436386;1
466;223,1482666;220,6409733;1
467;223,7750779;241,3260832;1
468;222,5214313;241,3260832;1
469;208,1045546;261,3843339;1
470;203,7168033;274,5475639;1
471;214,3727639;287,0839826;1
472;218,13368;304,0081765;1
473;204,9704499;339,1101392;1
474;201,2095339;323,4396159;1
475;213,1191173;345,3783485;1
476;214,3727639;368,5707039;1
477;207,4777432;380,4803112;1
478;194,9413246;389,8826252;1
479;186,7926333;406,1799599;1
480;188,04628;416,2091331;1
481;166,1075473;423,7309652;1
482;156,0784219;440,6551112;1
483;162,9734426;446,2965092;1
484;172,3757566;435,0137611;1
485;183,0317173;453,8183891;1
486;186,1658219;478,8912264;1
487;181,7780706;490,8007859;1
488;167,9880053;494,5617498;1
489;152,9443173;489,5471632;1
490;139,1542519;475,1302626;1
491;128,4982913;472,6230171;1
492;136,6469586;457,5793051;1
493;132,2592312;447,5501798;1
494;115,3350493;438,1478658;1
495;121,6032586;421,8504832;1
496;129,1251266;388,0021911;1
497;130,3787493;381,7339818;1
498;119,0959773;371,0779972;1
499;132,2592312;362,3024946;1
500;144,1688146;339,1101392;1
501;142,2883566;341,6174325;1
502;122,8569053;361,6756832;1
503;109,06684;376,0925838;1
504;96,53042132;372,9584792;1
505;79,6062633;354,7806625;1
506;77,09898195;345,3783485;1
507;92,76950528;324,0664272;1
508;89,63540062;315,2909246;1
509;76,47215863;307,7690925;1
510;89,63540062;290,2180873;1
511;104,6791006;280,8157733;1
512;90,26221199;265,7721091;1
513;89,00857729;262,0111453;1
514;109,06684;244,4601878;1
515;108,4400286;240,0724126;1
516;90,26221199;229,4164759;1
517;87,12810732;220,6409733;1
518;96,53042132;206,8509319;1
519;87,75493064;219,3873505;1
520;77,09898195;233,1773919;1
521;75,21851198;230,6700986;1
522;60,17481198;214,9995753;1
523;59,54798865;201,2095339;1
524;68,95030265;194,9413246;1
525;80,85989799;192,4340313;1
526;102,1718193;204,9704499;1
527;104,6791006;219,3873505;1
528;110,3204866;216,2532459;1
529;119,7228006;231,9237692;1
530;125,3641866;251,3552085;1
531;120,9764473;251,9820199;1
532;127,2446566;242,5797059;1
533;139,7810633;214,3727639;1
534;149,1833773;198,0754292;1
535;151,6906706;192,4340313;1
536;140,4078986;183,6585286;1
537;115,9618726;171,12211;1
538;127,871468;173,6294033;1
539;145,4224613;169,2416759;1
540;147,3029193;147,3029432;1
541;153,5711286;162,3466552;1
542;164,8539006;150,4370479;1
543;173,6294033;134,1397132;1
544;194,3144893;159,2125505;1
545;193,6876779;143,5420272;1
546;206,2240966;131,0056085;1
547;213,1191173;132,2592312;1
548;219,3873266;134,7665245;1
549;226,2823712;143,5420272;1
550;228,1628292;141,0347339;1
551;233,8042033;130,3787493;1
552;245,0869992;117,2155193;1
553;251,9820199;107,1863939;1
554;243,8333526;99,03772657;1
555;245,0869992;91,51587059;1
556;255,742936;83,99401461;1
557;259,5038759;65,18938661;1
558;258,2502293;61,42847058;1
559;253,8624779;60,17482393;1
560;235,6846852;51,3993213;1
561;240,6992479;39,48973792;1
562;258,2502293;28,83377727;1
563;260,1306873;21,31192129;1
564;259,5038759;8,14869126;1
565;256,9965826;3,760939946;1
566;241,3260593;18,804628;1
567;234,4310386;30,08742392;1
568;228,1628292;15,04371196;1
569;219,3873266;21,93873266;1
570;206,8509079;40,11654929;1
571;209,9850126;44,5043006;1
572;197,448594;41,37019594;1
573;186,7926333;16,29735861;1
574;187,4194686;16,29735861;1
575;174,8830499;36,98244462;1
576;173,6294033;55,16026125;1
577;161,0929846;47,01156999;1
578;154,8247753;27,58013062;1
579;154,8247753;13,16325394;1
580;154,8247753;8,775502629;1
581;139,7810633;19,43146328;1
582;134,1396893;23,81921459;1
583;129,7519379;24,44602596;1
584;114,0814146;19,43146328;1
585;114,0814146;10,02914928;1
586;102,7986306;18,804628;1
587;101,544996;18,804628;1
588;92,76950528;13,79006531;1
589;87,12810732;16,29735861;1
590;77,72579332;9,402313998;1
591;61,42845862;22,56556794;1
592;55,16024929;8,14869126;1
593;47,63839331;2,507293297;1
594;41,37018398;6,268209332;1
595;34,47515132;16,29735861;1
596;28,83376532;16,29735861;1
597;22,56555599;10,02914928;1
598;21,93873266;3,134104666;1
599;21,93873266;0,62683528;1
600;18,17781065;0,62683528;1
1;5,347566086;53,47566086;2
2;7,815673511;57,177822;2
3;7,815673511;60,87998313;2
4;7,815673511;65,40484675;2
5;5,758917324;67,0502517;2
6;7,404322273;67,46160293;2
7;12,34053712;63,7594418;2
8;14,80864455;60,05728066;2
9;15,21999578;57,177822;2
10;15,63134702;53,47566086;2
11;15,63134702;50,18485096;2
12;15,63134702;48,95079725;2
13;20,56756187;50,5962022;2
14;23,44702053;56,76647076;2
15;24,26972301;59,23457819;2
16;23,03566929;64,58214427;2
17;19,7448594;67,87295417;2
18;19,7448594;71,57511531;2
19;22,21296682;76,51133016;2
20;22,21296682;76,51133016;2
21;18,51080568;81,85889624;2
22;16,86540073;86,38375985;2
23;13,57459083;88,85186728;2
24;16,04269826;88,85186728;2
25;20,97891311;85,97240862;2
26;24,68107424;87,61781357;2
27;30,02864033;92,14267718;2
28;33,73080147;89,26321851;2
29;37,4329626;83,09294995;2
30;39,90107003;76,92268139;2
31;39,07836755;74,86592521;2
32;33,31945023;69,10700788;2
33;32,90809899;64,17079303;2
34;33,73080147;61,70268561;2
35;41,13512374;65,81619798;2
36;45,24863611;71,16376407;2
37;45,24863611;75,27727644;2
38;50,18485096;69,10700788;2
39;56,35511952;62,11403685;2
40;56,76647076;54,70971457;2
41;54,29836334;54,29836334;2
42;48,53944601;50,5962022;2
43;40,31242126;39,90107003;2
44;42,78052869;39,90107003;2
45;48,12809478;43,60323116;2
46;53,47566086;45,24863611;2
47;60,05728066;36,19890889;2
48;62,11403685;32,90809899;2
49;67,87295417;39,07836755;2
50;70,34106159;45,65998735;2
51;70,34106159;49,77349972;2
52;66,63890046;54,29836334;2
53;66,22754922;58,00052447;2
54;63,34809056;60,87998313;2
55;63,34809056;60,87998313;2
56;69,10700788;60,4686319;2
57;74,04322273;62,93673932;2
58;76,09997892;68,28430541;2
59;73,63187149;71,16376407;2
60;67,87295417;71,57511531;2
61;67,0502517;77,33403263;2
62;66,22754922;77,33403263;2
63;63,34809056;78,97943758;2
64;59,64592942;84,32700367;2
65;59,23457819;86,38375985;2
66;62,11403685;86,38375985;2
67;69,51835912;83,50430119;2
68;71,57511531;81,447545;2
69;74,45457397;83,91565243;2
70;77,74538387;84,32700367;2
71;82,68159872;77,33403263;2
72;82,68159872;72,80916902;2
73;85,56105738;76,92268139;2
74;91,73132594;71,57511531;2
75;94,6107846;65,40484675;2
76;91,73132594;65,40484675;2
77;84,32700367;60,87998313;2
78;81,85889624;55,94376829;2
79;81,85889624;53,06430962;2
80;86,38375985;45,24863611;2
81;85,97240862;43,60323116;2
82;81,03619377;37,4329626;2
83;80,21349129;33,31945023;2
84;85,14970614;32,90809899;2
85;91,73132594;37,4329626;2
86;93,37673089;39,90107003;2
87;93,37673089;46,07133859;2
88;92,55402841;51,00755344;2
89;93,37673089;48,95079725;2
90;99,13564821;41,95782621;2
91;101,1924044;36,19890889;2
92;102,8378093;28,79458662;2
93;108,5967267;28,38323538;2
94;115,1783465;34,1421527;2
95;118,4691564;38,66701632;2
96;118,4691564;38,66701632;2
97;113,5329415;41,95782621;2
98;110,6534829;46,48268983;2
99;111,4761853;46,48268983;2
100;115,1783465;50,5962022;2
101;115,1783465;51,83025591;2
102;111,4761853;55,12106581;2
103;107,7740242;57,58917324;2
104;102,4264581;60,4686319;2
105;102,0151069;62,52538808;2
106;105,3059168;64,58214427;2
107;112,2988878;68,69565665;2
108;112,2988878;71,16376407;2
109;106,9513217;73,22052026;2
110;103,6605118;77,33403263;2
111;101,1924044;80,21349129;2
112;102,0151069;81,447545;2
113;107,362673;83,50430119;2
114;109,4194291;81,447545;2
115;113,1215903;77,74538387;2
116;115,5896977;74,04322273;2
117;117,2351027;76,09997892;2
118;123,8167225;71,57511531;2
119;127,9302348;67,87295417;2
120;128,3415861;65,40484675;2
121;124,6394249;65,40484675;2
122;120,9372638;62,93673932;2
123;119,7032101;58,41187571;2
124;120,9372638;58,41187571;2
125;126,2848299;53,06430962;2
126;129,1642885;47,3053923;2
127;128,7529373;47,3053923;2
128;122,5826687;41,54647498;2
129;122,5826687;38,66701632;2
130;125,8734786;33,73080147;2
131;125,8734786;30,43999157;2
132;126,2848299;27,97188414;2
133;122,1713175;24,68107424;2
134;124,2280737;22,62431806;2
135;133,2778009;25,50377672;2
136;134,5118546;30,43999157;2
137;135,3345571;35,78755765;2
138;135,3345571;37,02161137;2
139;137,3913133;34,96485518;2
140;141,9161769;27,97188414;2
141;142,7388794;26,73783043;2
142;146,4410405;27,97188414;2
143;148,0864455;31,26269404;2
144;150,9659041;35,37620642;2
145;151,7886066;37,4329626;2
146;155,4907677;40,7237725;2
147;155,902119;43,19187993;2
148;156,3134702;53,06430962;2
149;156,3134702;58,82322695;2
150;157,5475239;60,05728066;2
151;160,0156313;65,81619798;2
152;161,2496851;71,57511531;2
153;156,3134702;73,63187149;2
154;152,6113091;80,62484253;2
155;149,3204992;86,79511109;2
156;153,0226603;85,56105738;2
157;158,3702264;82,27024748;2
158;162,0723875;89,26321851;2
159;169,888061;83,50430119;2
160;174,0015734;77,74538387;2
161;171,1221148;74,45457397;2
162;175,6469784;69,10700788;2
163;181,4058957;63,34809056;2
164;178,9377883;57,177822;2
165;171,9448172;52,24160715;2
166;171,9448172;50,5962022;2
167;165,7745487;44,42593364;2
168;164,9518462;38,25566508;2
169;167,0086024;34,55350394;2
170;168,2426561;25,09242548;2
171;164,540495;21,80161558;2
172;172,7675197;19,33350816;2
173;176,4696808;26,32647919;2
174;180,5831932;32,08539652;2
175;177,7037346;41,13512374;2
176;178,9377883;41,13512374;2
177;183,8740031;34,96485518;2
178;190,4556229;26,32647919;2
179;190,4556229;20,56756187;2
180;194,1577841;19,33350816;2
181;201,1507551;24,68107424;2
182;204,0302137;32,08539652;2
183;205,2642675;39,48971879;2
184;199,5053501;43,60323116;2
185;194,5691353;47,3053923;2
186;194,5691353;47,71674354;2
187;191,2783254;54,70971457;2
188;191,2783254;54,70971457;2
189;186,7534618;62,52538808;2
190;190,0442717;65,40484675;2
191;191,6896766;63,7594418;2
192;196,2145402;68,69565665;2
193;201,1507551;75,27727644;2
194;195,803189;76,09997892;2
195;190,8669742;82,27024748;2
196;186,7534618;90,49727223;2
197;192,5123791;87,61781357;2
198;198,6826477;82,27024748;2
199;203,6188625;78,97943758;2
200;207,3210236;74,86592521;2
201;210,2004823;70,34106159;2
202;210,6118335;64,58214427;2
203;210,6118335;62,52538808;2
204;205,2642675;54,70971457;2
205;204,441565;51,00755344;2
206;210,2004823;47,3053923;2
207;211,434536;40,31242126;2
208;212,6685897;33,73080147;2
209;212,6685897;27,14918167;2
210;213,079941;21,80161558;2
211;217,6048046;16,4540495;2
212;218,0161558;11,92918588;2
213;208,5550774;6,170268561;2
214;211,434536;0;2
215;217,6048046;1,64540495;2
216;225,4204781;4,113512374;2
217;227,4772343;11,92918588;2
218;227,4772343;14,39729331;2
219;226,6545318;21,39026434;2
220;226,6545318;25,09242548;2
221;232,0020979;26,32647919;2
222;239,8177714;18,92215692;2
223;245,1653375;21,39026434;2
224;253,3923622;33,73080147;2
225;254,6264159;46,89404106;2
226;247,2220937;47,3053923;2
227;236,1156103;53,06430962;2
228;227,4772343;64,17079303;2
229;227,8885855;75,68862768;2
230;236,9383127;59,64592942;2
231;245,1653375;65,40484675;2
232;252,1583085;82,27024748;2
233;254,2150647;88,85186728;2
234;246,8107424;96,25618955;2
235;238,5837177;101,1924044;2
236;248,0447961;108,1853754;2
237;248,0447961;113,1215903;2
238;243,9312838;113,1215903;2
239;236,1156103;102,0151069;2
240;221,718317;113,1215903;2
241;217,6048046;107,7740242;2
242;205,6756187;125,8734786;2
243;204,441565;127,1075324;2
244;216,3707509;121,348615;2
245;224,1864244;127,1075324;2
246;237,349664;136,1572596;2
247;233,6475028;140,6821232;2
248;224,1864244;147,6750942;2
249;223,7750731;149,7318504;2
250;233,6475028;141,5048257;2
251;241,8745276;140,270772;2
252;250,9242548;150,9659041;2
253;253,8037135;164,9518462;2
254;246,3993912;164,9518462;2
255;239,8177714;171,9448172;2
256;232,0020979;165,7745487;2
257;227,8885855;169,888061;2
258;222,5410194;175,6469784;2
259;222,9523707;177,7037346;2
260;218,4275071;187,164813;2
261;218,8388583;192,5123791;2
262;223,3637219;197,8599452;2
263;224,5977756;199,5053501;2
264;217,1934533;199,9167014;2
265;207,3210236;206,0869699;2
266;207,3210236;208,9664286;2
267;204,441565;207,7323749;2
268;197,8599452;208,9664286;2
269;192,9237303;217,6048046;2
270;192,9237303;221,3069657;2
271;190,8669742;222,9523707;2
272;184,6967056;218,0161558;2
273;180,171842;205,2642675;2
274;174,4129247;210,6118335;2
275;171,1221148;217,1934533;2
276;171,1221148;219,6615608;2
277;173,5902222;228,2999368;2
278;174,8242759;228,2999368;2
279;169,0653586;231,1793954;2
280;164,540495;229,9453417;2
281;158,7815776;225,0091269;2
282;156,3134702;218,8388583;2
283;151,7886066;222,1296682;2
284;146,8523918;215,1366972;2
285;142,3275281;204,8529162;2
286;142,3275281;206,4983212;2
287;148,0864455;205,2642675;2
288;152,1999578;197,8599452;2
289;152,1999578;194,5691353;2
290;157,5475239;199,9167014;2
291;161,2496851;196,6258915;2
292;166,1858999;193,7464328;2
293;173,1788709;196,2145402;2
294;176,8810321;196,2145402;2
295;183,0513006;190,0442717;2
296;184,2853544;183,0513006;2
297;178,9377883;183,4626519;2
298;170,2994123;176,0583296;2
299;167,8313049;176,8810321;2
300;161,2496851;182,2285982;2
301;160,8383338;183,0513006;2
302;150,9659041;176,4696808;2
303;145,618338;168,2426561;2
304;147,6750942;163,7177925;2
305;154,256714;163,7177925;2
306;162,89509;157,9588752;2
307;164,9518462;151,3772554;2
308;160,4269826;153,8453628;2
309;149,3204992;159,6042801;2
310;143,9729331;166,1858999;2
311;141,0934744;164,540495;2
312;134,1005034;156,7248214;2
313;134,5118546;150,1432016;2
314;139,8594207;143,9729331;2
315;140,270772;143,1502306;2
316;134,1005034;148,9091479;2
317;125,8734786;153,8453628;2
318;125,4621274;162,89509;2
319;125,4621274;166,1858999;2
320;128,7529373;172,3561685;2
321;127,5188836;176,4696808;2
322;119,2918588;187,5761643;2
323;122,5826687;184,2853544;2
324;132,4550984;193,3350816;2
325;134,1005034;197,8599452;2
326;127,5188836;201,1507551;2
327;117,2351027;206,0869699;2
328;120,1145613;208,9664286;2
329;126,6961811;202,3848088;2
330;129,986991;209,7891311;2
331;134,5118546;219,2502095;2
332;134,1005034;220,8956145;2
333;125,8734786;225,0091269;2
334;115,1783465;220,8956145;2
335;110,6534829;215,9593996;2
336;110,2421316;208,9664286;2
337;105,3059168;215,5480484;2
338;96,25618955;208,5550774;2
339;88,44051604;201,5621063;2
340;96,66754079;191,6896766;2
341;99,54699945;187,9875155;2
342;90,49727223;192,5123791;2
343;87,20646233;200,3280526;2
344;88,0291648;205,6756187;2
345;78,56808634;197,8599452;2
346;74,86592521;186,7534618;2
347;76,09997892;186,7534618;2
348;68,69565665;192,9237303;2
349;64,58214427;200,3280526;2
350;55,12106581;192,9237303;2
351;53,8870121;182,2285982;2
352;59,23457819;181,4058957;2
353;61,29133437;174,4129247;2
354;67,87295417;172,7675197;2
355;60,4686319;165,3631974;2
356;63,7594418;157,9588752;2
357;59,64592942;154,256714;2
358;67,46160293;164,9518462;2
359;77,33403263;163,3064412;2
360;79,80214005;154,6680653;2
361;82,27024748;146,8523918;2
362;76,92268139;142,7388794;2
363;64,58214427;137,8026645;2
364;67,0502517;133,6891522;2
365;78,97943758;139,8594207;2
366;85,14970614;146,8523918;2
367;86,79511109;146,8523918;2
368;93,37673089;136,9799621;2
369;103,2491606;142,7388794;2
370;104,8945655;153,0226603;2
371;100,7810532;156,7248214;2
372;93,37673089;161,6610363;2
373;89,67456975;165,7745487;2
374;86,38375985;171,1221148;2
375;86,38375985;174,0015734;2
376;80,62484253;180,5831932;2
377;80,21349129;179,3491395;2
378;87,20646233;181,4058957;2
379;93,37673089;178,1150858;2
380;98,72429698;172,7675197;2
381;98,72429698;174,8242759;2
382;107,362673;185,9307593;2
383;105,717268;183,0513006;2
384;110,6534829;173,5902222;2
385;113,9442928;164,540495;2
386;113,1215903;164,9518462;2
387;99,95835069;159,1929289;2
388;101,6037556;157,1361727;2
389;110,2421316;151,7886066;2
390;113,9442928;144,3842843;2
391;113,5329415;140,6821232;2
392;116,8237514;136,5686108;2
393;124,6394249;136,9799621;2
394;131,2210447;132,4550984;2
395;131,632396;125,4621274;2
396;124,6394249;129,5756398;2
397;112,710239;119,7032101;2
398;105,3059168;116,8237514;2
399;118,4691564;117,2351027;2
400;129,1642885;122,1713175;2
401;133,6891522;128,7529373;2
402;141,0934744;134,5118546;2
403;141,9161769;138,2140158;2
404;143,9729331;135,7459083;2
405;151,7886066;128,7529373;2
406;153,4340115;122,5826687;2
407;149,3204992;116,8237514;2
408;140,270772;115,1783465;2
409;150,1432016;107,362673;2
410;146,8523918;108,5967267;2
411;157,1361727;116,0010489;2
412;157,5475239;122,1713175;2
413;159,1929289;123,8167225;2
414;165,3631974;133,6891522;2
415;165,7745487;136,5686108;2
416;160,8383338;139,0367182;2
417;157,5475239;149,0367182;2
418;167,5475239;129,0367182;2
419;177,5475239;119,0367182;2
420;167,5475239;111,0367182;2
421;163,5475239;100,0367182;2
422;155,5475239;100,0367182;2
423;125,5475239;97,03671824;2
424;105,5475239;104,0367182;2
425;83,54752392;104,0367182;2
426;83,54752392;102,0367182;2
427;73,54752392;107,0367182;2
428;52,54752392;99,03671824;2
429;42,54752392;101,0367182;2
430;22,54752392;122,0367182;2
431;2,547523923;72,03671824;2
